XYDATA,Memory-94,Memory-108,Memory-119
1000.0000,0,,
1001.0000,0,,
1002.0000,0,,
1003.0000,0,,
1004.0000,0,,
1005.0000,0,,
1006.0000,0,,
1007.0000,0.0392047,,
1008.0000,0.0401491,,
1009.0000,0.0400474,,
1010.0000,0.041338,,
1011.0000,0.0426227,,
1012.0000,0.0431047,,
1013.0000,0.0415547,,
1014.0000,0.0382534,,
1015.0000,0.0370042,,
1016.0000,0.0359591,,
1017.0000,0.0379154,,
1018.0000,0.0384395,,
1019.0000,0.0348629,,
1020.0000,0.0350663,,
1021.0000,0.0294643,,
1022.0000,0.0274888,,
1023.0000,0.0278263,,
1024.0000,0.0264386,,
1025.0000,0.0271049,,
1026.0000,0.0276781,,
1027.0000,0.0282331,,
1028.0000,0.027797,,
1029.0000,0.0277683,,
1030.0000,0.0267859,,
1031.0000,0.024447,,
1032.0000,0.0219141,,
1033.0000,0.0210276,,
1034.0000,0.0187082,,
1035.0000,0.0189654,,
1036.0000,0.021398,,
1037.0000,0.0207255,,
1038.0000,0.0229225,,
1039.0000,0.0222146,,
1040.0000,0.0185768,,
1041.0000,0.0164304,,
1042.0000,0.0146408,,
1043.0000,0.0142828,,
1044.0000,0.0164992,,
1045.0000,0.017395,,
1046.0000,0.0175344,,
1047.0000,0.0188398,,
1048.0000,0.0191796,,
1049.0000,0.0189278,,
1050.0000,0.0161228,,
1051.0000,0.0133776,,
1052.0000,0.00994941,,
1053.0000,0.00818321,,
1054.0000,0.0118147,,
1055.0000,0.0126878,,
1056.0000,0.012748,,
1057.0000,0.0126433,,
1058.0000,0.00920527,,
1059.0000,0.00804261,,
1060.0000,0.00931971,,
1061.0000,0.00904628,,
1062.0000,0.00923552,,
1063.0000,0.00949083,,
1064.0000,0.0105991,,
1065.0000,0.0121375,,
1066.0000,0.014235,,
1067.0000,0.0161082,,
1068.0000,0.0132423,,
1069.0000,0.0132787,,
1070.0000,0.0142671,,
1071.0000,0.0136333,,
1072.0000,0.0147315,,
1073.0000,0.0145999,,
1074.0000,0.012575,,
1075.0000,0.0131749,,
1076.0000,0.0140784,,
1077.0000,0.0156531,,
1078.0000,0.0173675,,
1079.0000,0.0167013,,
1080.0000,0.0172721,,
1081.0000,0.0186452,,
1082.0000,0.0215818,,
1083.0000,0.0245684,,
1084.0000,0.0282132,,
1085.0000,0.0302,,
1086.0000,0.0319396,,
1087.0000,0.0342406,,
1088.0000,0.036506,,
1089.0000,0.0362073,,
1090.0000,0.0377413,,
1091.0000,0.037853,,
1092.0000,0.0373671,,
1093.0000,0.0419465,,
1094.0000,0.0445261,,
1095.0000,0.0461448,,
1096.0000,0.04889,,
1097.0000,0.0498991,,
1098.0000,0.0489033,,
1099.0000,0.0518457,,
1100.0000,0.0546464,0,0
1101.0000,0.0604274,0,0
1102.0000,0.066709,0,0
1103.0000,0.0751014,0,0
1104.0000,0.0819897,0,0
1105.0000,0.0881474,0,0
1106.0000,0.0953151,0,0
1107.0000,0.100948,0.0484562,0.237905
1108.0000,0.105922,0.05109,0.261065
1109.0000,0.11333,0.0530652,0.281724
1110.0000,0.123676,0.0533112,0.303462
1111.0000,0.13417,0.0580025,0.327257
1112.0000,0.149388,0.0631384,0.354797
1113.0000,0.164744,0.0643106,0.389913
1114.0000,0.179463,0.0703177,0.423641
1115.0000,0.195153,0.075889,0.466097
1116.0000,0.214054,0.0844408,0.50364
1117.0000,0.232512,0.0952181,0.543005
1118.0000,0.254374,0.104043,0.58755
1119.0000,0.278778,0.112552,0.634856
1120.0000,0.30429,0.123493,0.688515
1121.0000,0.333001,0.13761,0.748007
1122.0000,0.363721,0.15452,0.807386
1123.0000,0.395046,0.173714,0.869844
1124.0000,0.42366,0.191526,0.931256
1125.0000,0.453581,0.207291,0.992806
1126.0000,0.479087,0.224173,1.05297
1127.0000,0.502705,0.242365,1.1011
1128.0000,0.524397,0.262338,1.1429
1129.0000,0.540577,0.280718,1.17424
1130.0000,0.552792,0.294694,1.19606
1131.0000,0.560447,0.305009,1.2045
1132.0000,0.559304,0.311259,1.19916
1133.0000,0.552049,0.312496,1.17409
1134.0000,0.537117,0.309482,1.12899
1135.0000,0.508195,0.297312,1.06844
1136.0000,0.474845,0.277245,0.989455
1137.0000,0.430746,0.250688,0.891995
1138.0000,0.381724,0.21944,0.780343
1139.0000,0.327478,0.184128,0.652624
1140.0000,0.267956,0.14559,0.513594
1141.0000,0.202809,0.102734,0.369049
1142.0000,0.133213,0.0542205,0.217757
1143.0000,0.064308,0.00799615,0.0671528
1144.0000,-0.00772646,-0.0398797,-0.0832792
1145.0000,-0.0739897,-0.0830953,-0.229446
1146.0000,-0.137403,-0.12291,-0.364978
1147.0000,-0.197126,-0.157873,-0.489243
1148.0000,-0.244806,-0.186117,-0.595748
1149.0000,-0.285932,-0.208657,-0.682951
1150.0000,-0.318425,-0.222096,-0.751769
1151.0000,-0.340642,-0.230367,-0.800933
1152.0000,-0.35658,-0.232301,-0.829052
1153.0000,-0.364386,-0.225929,-0.839588
1154.0000,-0.361918,-0.219494,-0.82939
1155.0000,-0.353227,-0.206948,-0.804792
1156.0000,-0.336188,-0.192542,-0.767893
1157.0000,-0.315682,-0.177329,-0.724558
1158.0000,-0.294806,-0.155517,-0.673171
1159.0000,-0.271664,-0.135033,-0.613877
1160.0000,-0.249189,-0.111273,-0.554088
1161.0000,-0.225427,-0.0923309,-0.489397
1162.0000,-0.207718,-0.0796577,-0.429963
1163.0000,-0.186971,-0.0671103,-0.376165
1164.0000,-0.167942,-0.0577499,-0.327111
1165.0000,-0.154823,-0.0467298,-0.284739
1166.0000,-0.14228,-0.0366767,-0.246533
1167.0000,-0.13291,-0.0320298,-0.215781
1168.0000,-0.127354,-0.0256748,-0.190724
1169.0000,-0.11727,-0.021353,-0.165657
1170.0000,-0.107512,-0.0142999,-0.1412
1171.0000,-0.0977557,-0.00570488,-0.113552
1172.0000,-0.0838995,-0.000674111,-0.086243
1173.0000,-0.0726671,0.00306402,-0.0622471
1174.0000,-0.0539385,0.0045275,-0.0346072
1175.0000,-0.0360554,0.00806073,-0.00343432
1176.0000,-0.0178566,0.0116228,0.0314386
1177.0000,0.00337029,0.0206146,0.0690662
1178.0000,0.0203935,0.0303571,0.104935
1179.0000,0.0417401,0.0351914,0.138875
1180.0000,0.0606444,0.043669,0.172835
1181.0000,0.0764702,0.0498529,0.21029
1182.0000,0.0907153,0.0561281,0.240896
1183.0000,0.102962,0.0647199,0.270839
1184.0000,0.113985,0.068721,0.298312
1185.0000,0.122087,0.0720923,0.317556
1186.0000,0.132485,0.0725809,0.338
1187.0000,0.139,0.0750424,0.352208
1188.0000,0.1398,0.0786141,0.363556
1189.0000,0.142538,0.0775419,0.365685
1190.0000,0.143253,0.0822449,0.367067
1191.0000,0.14067,0.0816806,0.36646
1192.0000,0.138994,0.0798776,0.361257
1193.0000,0.136965,0.084283,0.359195
1194.0000,0.145208,0.0911996,0.357292
1195.0000,0.143412,0.0929835,0.344951
1196.0000,0.141695,0.0926879,0.333708
1197.0000,0.13594,0.0879538,0.317846
1198.0000,0.128068,0.0869304,0.298276
1199.0000,0.122712,0.0808313,0.280263
1200.0000,0.111346,0.0751416,0.254459
1201.0000,0.098687,0.0690297,0.232588
1202.0000,0.086612,0.0596403,0.204156
1203.0000,0.0715941,0.0546063,0.175689
1204.0000,0.0579801,0.0470358,0.14292
1205.0000,0.044775,0.0385622,0.100886
1206.0000,0.0310492,0.0315554,0.0637035
1207.0000,0.00991249,0.0204231,0.0197694
1208.0000,-0.0204299,0.00150572,-0.0318383
1209.0000,-0.0417892,-0.00878361,-0.072752
1210.0000,-0.0613999,-0.0195757,-0.115754
1211.0000,-0.0781245,-0.0300236,-0.158408
1212.0000,-0.0950425,-0.0402775,-0.199318
1213.0000,-0.110994,-0.0467747,-0.240515
1214.0000,-0.127694,-0.0506494,-0.27825
1215.0000,-0.137784,-0.0539889,-0.313723
1216.0000,-0.150901,-0.057166,-0.341818
1217.0000,-0.160482,-0.0614368,-0.369465
1218.0000,-0.169903,-0.0642204,-0.392953
1219.0000,-0.181428,-0.0660016,-0.411495
1220.0000,-0.188148,-0.0685441,-0.42986
1221.0000,-0.190343,-0.0690141,-0.439212
1222.0000,-0.190953,-0.0705994,-0.445233
1223.0000,-0.188067,-0.0674471,-0.451677
1224.0000,-0.184803,-0.0633041,-0.450746
1225.0000,-0.183711,-0.0583117,-0.451132
1226.0000,-0.180009,-0.0542504,-0.446791
1227.0000,-0.175681,-0.0544237,-0.436672
1228.0000,-0.169637,-0.0528581,-0.425029
1229.0000,-0.165383,-0.0524409,-0.411231
1230.0000,-0.158614,-0.0485992,-0.400973
1231.0000,-0.153685,-0.0439268,-0.385612
1232.0000,-0.146277,-0.0401442,-0.377389
1233.0000,-0.133088,-0.0335789,-0.362792
1234.0000,-0.126223,-0.0302119,-0.342575
1235.0000,-0.117884,-0.0252258,-0.329758
1236.0000,-0.112754,-0.0197689,-0.310323
1237.0000,-0.11057,-0.0201778,-0.291473
1238.0000,-0.106058,-0.0176803,-0.277296
1239.0000,-0.0993741,-0.0170776,-0.259177
1240.0000,-0.0905164,-0.0153751,-0.242612
1241.0000,-0.0860058,-0.0125089,-0.230133
1242.0000,-0.0760666,-0.00968715,-0.216398
1243.0000,-0.0729331,-0.00725201,-0.206967
1244.0000,-0.0680274,-0.00496347,-0.193172
1245.0000,-0.0613593,-0.00130272,-0.181593
1246.0000,-0.0588143,-0.000412532,-0.170802
1247.0000,-0.0564149,-0.00159482,-0.158325
1248.0000,-0.0557506,-0.00187928,-0.15142
1249.0000,-0.0523143,-0.00277928,-0.143171
1250.0000,-0.0472994,-0.00356974,-0.134451
1251.0000,-0.0401208,-0.0043463,-0.126721
1252.0000,-0.0341155,-0.00353132,-0.120137
1253.0000,-0.0313632,-0.00247192,-0.110046
1254.0000,-0.0334564,-0.00209836,-0.104615
1255.0000,-0.0328519,0.00241334,-0.0971391
1256.0000,-0.0351842,0.00279345,-0.0930939
1257.0000,-0.0353166,0.00411688,-0.0913484
1258.0000,-0.0312553,0.00626046,-0.0865135
1259.0000,-0.0299251,0.00702367,-0.0852928
1260.0000,-0.0246256,0.00856481,-0.0734378
1261.0000,-0.0228033,0.0102128,-0.0670613
1262.0000,-0.0203315,0.0121809,-0.0636989
1263.0000,-0.0196941,0.0121147,-0.055639
1264.0000,-0.0204465,0.0125256,-0.0544139
1265.0000,-0.0180657,0.0150956,-0.0509507
1266.0000,-0.0188894,0.0144193,-0.0468052
1267.0000,-0.0188592,0.0163468,-0.0447993
1268.0000,-0.0168464,0.0172566,-0.0421982
1269.0000,-0.0151386,0.0143809,-0.03976
1270.0000,-0.0116309,0.0132021,-0.034529
1271.0000,-0.00335285,0.0136969,-0.0270451
1272.0000,-0.000186784,0.013082,-0.0207759
1273.0000,0.00274304,0.0125768,-0.0132839
1274.0000,0.00102479,0.0132013,-0.0103509
1275.0000,-0.00020613,0.0115013,-0.0110245
1276.0000,0.00135762,0.00949778,-0.00636292
1277.0000,0.00238255,0.0118542,-0.0066561
1278.0000,0.0047681,0.0141713,-0.000987462
1279.0000,0.00695814,0.0156354,0.000788007
1280.0000,0.00944369,0.0188258,0.00652858
1281.0000,0.0127551,0.0186618,0.0147591
1282.0000,0.0176099,0.0194035,0.0215084
1283.0000,0.0178879,0.0227113,0.0292309
1284.0000,0.0154491,0.024941,0.0361813
1285.0000,0.0142224,0.02525,0.0422598
1286.0000,0.0148404,0.0249963,0.0468843
1287.0000,0.0189313,0.0232026,0.0546477
1288.0000,0.0250564,0.02391,0.0587943
1289.0000,0.0263959,0.0254111,0.0650106
1290.0000,0.0278021,0.0285102,0.0725109
1291.0000,0.0264458,0.0284991,0.0815146
1292.0000,0.0283963,0.0291184,0.0810901
1293.0000,0.0285571,0.0284767,0.0837789
1294.0000,0.0276398,0.0253122,0.0780274
1295.0000,0.0269705,0.0246026,0.0689795
1296.0000,0.0242289,0.0218389,0.0641403
1297.0000,0.0243605,0.0193866,0.0572946
1298.0000,0.0264819,0.0216051,0.0520237
1299.0000,0.0254609,0.0207792,0.047214
1300.0000,0.0211721,0.0193866,0.0405421
1301.0000,0.0152851,0.0212269,0.0318669
1302.0000,0.0103817,0.0172212,0.0253623
1303.0000,0.00755242,0.0173266,0.0203885
1304.0000,0.00744956,0.0164866,0.0174076
1305.0000,0.0125723,0.0159027,0.0160882
1306.0000,0.0121008,0.0156114,0.0228222
1307.0000,0.0151958,0.0166569,0.028716
1308.0000,0.0162073,0.0211833,0.0370919
1309.0000,0.0187133,0.0219323,0.0482745
1310.0000,0.0211498,0.0239868,0.0600095
1311.0000,0.0244034,0.0253612,0.0695027
1312.0000,0.0280462,0.0230999,0.0787931
1313.0000,0.028782,0.0251928,0.0847146
1314.0000,0.0342711,0.028811,0.0881081
1315.0000,0.0390392,0.0292617,0.0939522
1316.0000,0.0403822,0.0312713,0.103109
1317.0000,0.0443399,0.0303486,0.112214
1318.0000,0.046378,0.0298694,0.115703
1319.0000,0.0430799,0.0272961,0.118496
1320.0000,0.045569,0.0264955,0.116071
1321.0000,0.0436878,0.0287168,0.110204
1322.0000,0.0423843,0.0279566,0.109719
1323.0000,0.0417772,0.0312129,0.103558
1324.0000,0.0426258,0.0335091,0.0973358
1325.0000,0.0417201,0.0337083,0.0945579
1326.0000,0.0433474,0.0333925,0.0922179
1327.0000,0.043698,0.031011,0.0950655
1328.0000,0.0449865,0.0289451,0.102329
1329.0000,0.0432984,0.0270748,0.111594
1330.0000,0.0412542,0.0275478,0.115756
1331.0000,0.0443532,0.0277961,0.119727
1332.0000,0.0408555,0.0301465,0.122197
1333.0000,0.0477234,0.033117,0.126099
1334.0000,0.0516524,0.0352516,0.1332
1335.0000,0.0542015,0.0366802,0.148308
1336.0000,0.060121,0.0336933,0.158088
1337.0000,0.0621262,0.0299119,0.164035
1338.0000,0.0593249,0.0316516,0.16457
1339.0000,0.0565805,0.0299124,0.160906
1340.0000,0.0518676,0.032059,0.15961
1341.0000,0.0505735,0.0352949,0.154581
1342.0000,0.0453829,0.0322415,0.144866
1343.0000,0.0452186,0.0323524,0.130561
1344.0000,0.0462106,0.0312432,0.114205
1345.0000,0.0385242,0.0281813,0.100927
1346.0000,0.0407494,0.0210778,0.0920522
1347.0000,0.0348516,0.0188947,0.0787531
1348.0000,0.0264823,0.0180917,0.068564
1349.0000,0.022496,0.0158809,0.0537736
1350.0000,0.0169424,0.020947,0.0473396
1351.0000,0.0121465,0.0251571,0.0461916
1352.0000,0.0156069,0.0187716,0.0529224
1353.0000,0.0204915,0.019377,0.0654755
1354.0000,0.0248916,0.0210394,0.0777623
1355.0000,0.0348291,0.0208111,0.0993601
1356.0000,0.0422716,0.0306151,0.121894
1357.0000,0.0492074,0.0360037,0.1474
1358.0000,0.0604338,0.0369132,0.176585
1359.0000,0.0725159,0.0432524,0.202139
1360.0000,0.0836244,0.0505668,0.226339
1361.0000,0.0922779,0.0556848,0.25363
1362.0000,0.104941,0.0626319,0.27804
1363.0000,0.109904,0.0641177,0.304623
1364.0000,0.117324,0.0639024,0.327947
1365.0000,0.131695,0.0649875,0.348502
1366.0000,0.136092,0.0700103,0.362705
1367.0000,0.144816,0.0731621,0.370831
1368.0000,0.146938,0.0703893,0.374556
1369.0000,0.144682,0.0714231,0.371128
1370.0000,0.147387,0.0639011,0.369157
1371.0000,0.146623,0.0663286,0.3656
1372.0000,0.144861,0.0712746,0.362413
1373.0000,0.143697,0.0722446,0.360484
1374.0000,0.136005,0.0793076,0.358215
1375.0000,0.131627,0.0769408,0.353864
1376.0000,0.123473,0.0726201,0.346732
1377.0000,0.118757,0.0720602,0.339717
1378.0000,0.11794,0.0683084,0.332739
1379.0000,0.109556,0.0678626,0.32718
1380.0000,0.113174,0.069403,0.320445
1381.0000,0.109159,0.0694479,0.313476
1382.0000,0.103955,0.0686929,0.304535
1383.0000,0.0992106,0.0635477,0.290443
1384.0000,0.0888429,0.0645591,0.278631
1385.0000,0.0838432,0.0597166,0.267327
1386.0000,0.078595,0.0603403,0.248168
1387.0000,0.0767859,0.0580442,0.23253
1388.0000,0.0744393,0.0484761,0.211951
1389.0000,0.0675741,0.0470701,0.18822
1390.0000,0.0632166,0.0418224,0.170102
1391.0000,0.0622319,0.0417524,0.148859
1392.0000,0.0587536,0.0435576,0.123391
1393.0000,0.0547702,0.039262,0.101625
1394.0000,0.0475261,0.033035,0.0906342
1395.0000,0.0395268,0.0255489,0.0846165
1396.0000,0.0435365,0.0248675,0.083859
1397.0000,0.0451055,0.0290067,0.0906794
1398.0000,0.050331,0.0341993,0.0918121
1399.0000,0.0558789,0.0420317,0.0976159
1400.0000,0.0519714,0.041184,0.108933
1401.0000,0.0554278,0.0404219,0.121173
1402.0000,0.0563239,0.0429276,0.129773
1403.0000,0.0629345,0.0409431,0.13853
1404.0000,0.0702389,0.0440292,0.143888
1405.0000,0.0685395,0.0438905,0.142475
1406.0000,0.0638411,0.041308,0.144827
1407.0000,0.0579902,0.0400824,0.1384
1408.0000,0.0461412,0.0434734,0.127534
1409.0000,0.0397325,0.0456897,0.11183
1410.0000,0.0346771,0.0432608,0.0926574
1411.0000,0.0251378,0.0430279,0.0718716
1412.0000,0.0128878,0.033096,0.0489924
1413.0000,0.00579943,0.0229083,0.0216563
1414.0000,-0.00141934,0.0181808,-0.000635692
1415.0000,-0.0134251,0.0110659,-0.0316154
1416.0000,-0.0150976,0.00503785,-0.046724
1417.0000,-0.02558,0.00839833,-0.0588384
1418.0000,-0.0320148,0.0048008,-0.0668046
1419.0000,-0.0318959,0.00464548,-0.0640112
1420.0000,-0.0277807,0.00538717,-0.0633526
1421.0000,-0.0257548,-0.00121634,-0.054218
1422.0000,-0.0248138,-0.0028286,-0.050087
1423.0000,-0.0164847,-0.00312642,-0.0477159
1424.0000,-0.0217272,0.00109564,-0.0415543
1425.0000,-0.0165408,-5.74929E-005,-0.0415579
1426.0000,-0.00937939,0.00473676,-0.0378467
1427.0000,-0.0188428,0.00400761,-0.0239716
1428.0000,-0.015569,0.00616046,-0.0271857
1429.0000,-0.0139711,0.00671087,-0.0177702
1430.0000,-0.0186311,0.00844356,-0.0206067
1431.0000,-0.0119044,0.00489017,-0.0248498
1432.0000,-0.0132213,-0.00136648,-0.0297699
1433.0000,-0.0238379,-0.00141062,-0.0427717
1434.0000,-0.0269549,-0.00312996,-0.0519853
1435.0000,-0.0356084,0.00496674,-0.0649008
1436.0000,-0.0346221,0.00781304,-0.0741975
1437.0000,-0.0417678,0.0066561,-0.0770343
1438.0000,-0.0467264,0.00066512,-0.0820623
1439.0000,-0.0490559,-0.000654221,-0.0924181
1440.0000,-0.0501029,-0.00587709,-0.0944751
1441.0000,-0.0418861,-0.00650706,-0.115233
1442.0000,-0.0405914,-0.0117942,-0.119672
1443.0000,-0.0406885,-0.0133531,-0.120661
1444.0000,-0.0464937,-0.0119321,-0.128
1445.0000,-0.0539296,-0.00789288,-0.118592
1446.0000,-0.060264,0.00471578,-0.119897
1447.0000,-0.0565089,-0.00162397,-0.12375
1448.0000,-0.0623518,-0.00593621,-0.124389
1449.0000,-0.0528213,-0.0122163,-0.13117
1450.0000,-0.043473,-0.0186986,-0.13228
1451.0000,-0.0402852,-0.0135517,-0.12937
1452.0000,-0.0349201,-0.00983729,-0.128294
1453.0000,-0.0367406,-0.0100708,-0.119425
1454.0000,-0.0436324,-0.00789615,-0.112267
1455.0000,-0.0450757,-0.00373459,-0.102222
1456.0000,-0.0418467,0.00166784,-0.0902342
1457.0000,-0.039263,0.0104806,-0.08108
1458.0000,-0.0304249,0.0144784,-0.0716354
1459.0000,-0.026948,0.00872231,-0.0720468
1460.0000,-0.0221431,0.00632422,-0.064997
1461.0000,-0.0216782,0.00745664,-0.061255
1462.0000,-0.0191367,0.003488,-0.0594809
1463.0000,-0.017736,0.00944574,-0.0472979
1464.0000,-0.0241845,0.00965963,-0.0486434
1465.0000,-0.0184494,0.0067719,-0.0478518
1466.0000,-0.0168325,0.0114613,-0.0462862
1467.0000,-0.0226586,0.00814247,-0.0455965
1468.0000,-0.0156382,0.00860814,-0.042787
1469.0000,-0.0209776,0.00734275,-0.0483319
1470.0000,-0.0186383,0.00675038,-0.0501251
1471.0000,-0.0136198,0.00674111,-0.0580052
1472.0000,-0.0176131,0.00746264,-0.0606191
1473.0000,-0.0183104,0.00765283,-0.0520466
1474.0000,-0.019228,0.00157302,-0.0556586
1475.0000,-0.0206266,0.00454984,-0.0440461
1476.0000,-0.018906,0.00864928,-0.0403178
1477.0000,-0.0186686,0.0139934,-0.04506
1478.0000,-0.0224866,0.014286,-0.0367434
1479.0000,-0.0267018,0.0132384,-0.0475439
1480.0000,-0.0274173,0.012107,-0.0459061
1481.0000,-0.0169563,0.0137765,-0.0385543
1482.0000,-0.0191396,0.0167234,-0.0436126
1483.0000,-0.0165633,0.0171558,-0.0332424
1484.0000,-0.021265,0.0127414,-0.0298511
1485.0000,-0.0319689,0.00642232,-0.0360116
1486.0000,-0.0311459,0.00296048,-0.037662
1487.0000,-0.032098,0.00534412,-0.0487442
1488.0000,-0.0308766,0.00968497,-0.0537742
1489.0000,-0.0294335,0.0110735,-0.0646079
1490.0000,-0.0246036,0.0148146,-0.0661439
1491.0000,-0.0215762,0.00674983,-0.0672855
1492.0000,-0.0169606,0.00875854,-0.0744414
1493.0000,-0.0162153,0.00633049,-0.0629515
1494.0000,-0.0234466,0.00178582,-0.0679616
1495.0000,-0.0323064,0.00360026,-0.0708027
1496.0000,-0.0354605,-0.000702449,-0.0705218
1497.0000,-0.038432,-0.00143078,-0.0744831
1498.0000,-0.0316823,-0.000413077,-0.076782
1499.0000,-0.0281621,0.00156048,-0.0718591
1500.0000,-0.0278725,0.00110354,-0.0633341
1501.0000,-0.0203039,0.00121362,-0.0582499
1502.0000,-0.0240841,0.00545066,-0.0466428
1503.0000,-0.0177225,0.00412859,-0.0379058
1504.0000,-0.0150896,0.00472777,-0.0373165
1505.0000,-0.023057,0.00667354,-0.0338508
1506.0000,-0.0190811,0.00228582,-0.0305909
1507.0000,-0.020296,0.00892857,-0.0378511
1508.0000,-0.01985,0.0130517,-0.0353977
1509.0000,-0.00766809,0.0138291,-0.0351712
1510.0000,-0.00458186,0.0189833,-0.0368832
1511.0000,0.00418527,0.0155561,-0.0304939
1512.0000,0.00353309,0.013234,-0.0282391
1513.0000,0.00167247,0.0159272,-0.0314127
1514.0000,0.00456687,0.0223797,-0.0311045
1515.0000,-0.00212233,0.0193206,-0.0380949
1516.0000,-0.0002782,0.0126204,-0.0461399
1517.0000,0.000227111,0.0139329,-0.042951
1518.0000,-0.0118133,0.00939315,-0.0455273
1519.0000,-0.00454303,0.0131632,-0.0378107
1520.0000,-0.00633785,0.0236375,-0.0340718
1521.0000,-0.0120487,0.0215757,-0.0288048
1522.0000,-0.00208855,0.0142618,-0.0255203
1523.0000,-0.0172537,0.0136732,-0.0298854
1524.0000,-0.017166,0.0107207,-0.0276026
1525.0000,-0.0204173,0.00784193,-0.0323312
1526.0000,-0.0288458,0.0155896,-0.0353666
1527.0000,-0.0245468,0.0144602,-0.0286489
1528.0000,-0.0291281,0.00285476,-0.0332285
1529.0000,-0.0305901,0.00202097,-0.0353481
1530.0000,-0.0245111,0.00245639,-0.041796
1531.0000,-0.034188,-0.00085422,-0.0504499
1532.0000,-0.0242844,0.0072204,-0.0524611
1533.0000,-0.0274698,0.00501851,-0.0595433
1534.0000,-0.0347246,0.00315966,-0.055412
1535.0000,-0.0228635,0.000461851,-0.0590063
1536.0000,-0.0300552,0.00347846,-0.0503911
1537.0000,-0.0148603,0.00740405,-0.0446557
1538.0000,-0.0140183,0.00638798,-0.0447456
1539.0000,-0.0146107,0.0169773,-0.0345625
1540.0000,-0.0122732,0.0168915,-0.0363601
1541.0000,-0.0189408,0.0191762,-0.0407636
1542.0000,-0.0103772,0.0246345,-0.0335124
1543.0000,-0.0101158,0.0236271,-0.0324508
1544.0000,-0.00877135,0.0204759,-0.0245089
1545.0000,-0.00339563,0.0203312,-0.0158035
1546.0000,-0.00996889,0.0199503,-0.00339944
1547.0000,-0.00295721,0.0233849,0.00457409
1548.0000,0.00173187,0.0255121,0.00745446
1549.0000,-0.00296061,0.0340451,0.0148187
1550.0000,0.00379522,0.0389058,0.00629916
1551.0000,0.00148828,0.0360486,0.0142324
1552.0000,0.008414,0.0374464,0.0134751
1553.0000,0.0149499,0.0256037,0.0170056
1554.0000,0.0222772,0.0150994,0.0343873
1555.0000,0.0260502,0.0151155,0.0403039
1556.0000,0.015954,0.0162411,0.0487137
1557.0000,0.0214073,0.0308225,0.061036
1558.0000,0.0171167,0.0374508,0.0624945
1559.0000,0.0241823,0.0383786,0.0637071
1560.0000,0.0368486,0.0360753,0.0687983
1561.0000,0.0329602,0.0252209,0.069597
1562.0000,0.0380396,0.0229868,0.0768046
1563.0000,0.0404211,0.0181991,0.0783116
1564.0000,0.0393798,0.0174727,0.0847994
1565.0000,0.0391002,0.0169482,0.0833114
1566.0000,0.0333236,0.0194765,0.0847966
1567.0000,0.0280218,0.0286486,0.0892958
1568.0000,0.0243325,0.0373674,0.0798686
1569.0000,0.0261012,0.0364394,0.0820996
1570.0000,0.0329335,0.0306454,0.0824454
1571.0000,0.0305902,0.0258762,0.0777934
1572.0000,0.030877,0.0237786,0.0907083
1573.0000,0.0296718,0.0282854,0.100251
1574.0000,0.0259175,0.030198,0.0953816
1575.0000,0.0303208,0.0330271,0.105825
1576.0000,0.033212,0.0299661,0.102884
1577.0000,0.0332256,0.0314996,0.107477
1578.0000,0.0329046,0.0302432,0.117126
1579.0000,0.027873,0.0333407,0.119087
1580.0000,0.0260123,0.0329366,0.13344
1581.0000,0.029389,0.0297805,0.126026
1582.0000,0.0330775,0.0313421,0.128562
1583.0000,0.0349771,0.0359336,0.136519
1584.0000,0.0414397,0.0372099,0.127613
1585.0000,0.0531218,0.0357404,0.136956
1586.0000,0.0561962,0.0379323,0.135893
1587.0000,0.0572515,0.0284879,0.129727
1588.0000,0.0536036,0.0346424,0.137243
1589.0000,0.04314,0.0398309,0.136641
1590.0000,0.0376095,0.0389957,0.139191
1591.0000,0.0415374,0.0405549,0.150215
1592.0000,0.0464206,0.0384369,0.159386
1593.0000,0.0593369,0.0462731,0.172049
1594.0000,0.0793103,0.0480864,0.184709
1595.0000,0.0812013,0.0494853,0.197866
1596.0000,0.0865848,0.0542281,0.212402
1597.0000,0.0899518,0.0371652,0.222263
1598.0000,0.0848524,0.050657,0.243853
1599.0000,0.0885987,0.0592646,0.256798
1600.0000,0.0898141,0.0570123,0.266739
1601.0000,0.0904831,0.0800326,0.293119
1602.0000,0.100882,0.071182,0.30894
1603.0000,0.115337,0.0670975,0.333273
1604.0000,0.128321,0.0790841,0.361607
1605.0000,0.138736,0.0779642,0.378896
1606.0000,0.149557,0.0949274,0.399574
1607.0000,0.153181,0.0980624,0.414791
1608.0000,0.154134,0.106075,0.444333
1609.0000,0.168598,0.116349,0.476064
1610.0000,0.171186,0.115007,0.509227
1611.0000,0.189423,0.143907,0.554973
1612.0000,0.214973,0.149789,0.597
1613.0000,0.230749,0.160163,0.64952
1614.0000,0.260076,0.187224,0.70305
1615.0000,0.283131,0.192547,0.741288
1616.0000,0.29394,0.219279,0.782398
1617.0000,0.301602,0.242629,0.807177
1618.0000,0.314914,0.25045,0.834465
1619.0000,0.326197,0.26652,0.871242
1620.0000,0.336164,0.268115,0.887183
1621.0000,0.349008,0.277682,0.910581
1622.0000,0.350087,0.291505,0.912895
1623.0000,0.348152,0.301439,0.907084
1624.0000,0.348983,0.311004,0.899474
1625.0000,0.337682,0.311635,0.875519
1626.0000,0.322566,0.308537,0.837971
1627.0000,0.299093,0.28747,0.784217
1628.0000,0.288922,0.270295,0.725505
1629.0000,0.267128,0.24577,0.662342
1630.0000,0.244544,0.219377,0.605019
1631.0000,0.228937,0.213621,0.555708
1632.0000,0.193703,0.200343,0.497678
1633.0000,0.175887,0.186842,0.435915
1634.0000,0.15608,0.171389,0.37726
1635.0000,0.126824,0.140285,0.305811
1636.0000,0.107524,0.111538,0.244481
1637.0000,0.0810247,0.0829471,0.180747
1638.0000,0.0609896,0.0540191,0.116607
1639.0000,0.0431712,0.0222391,0.060262
1640.0000,0.0215071,0.000783784,0.0104261
1641.0000,0.0055215,-0.0025395,-0.0266169
1642.0000,-0.027486,-0.00552164,-0.0486905
1643.0000,-0.0301541,0.0056215,-0.0592177
1644.0000,-0.0309897,0.0129465,-0.06554
1645.0000,-0.0283831,0.00758798,-0.0546224
1646.0000,-0.0072888,0.0162063,-0.0281685
1647.0000,-0.00160088,0.0411194,0.0110376
1648.0000,0.0161302,0.0748709,0.0773446
1649.0000,0.0418094,0.125965,0.158905
1650.0000,0.0690998,0.176069,0.238854
1651.0000,0.10096,0.23217,0.329576
1652.0000,0.130082,0.295735,0.417535
1653.0000,0.157198,0.364104,0.504143
1654.0000,0.187304,0.423127,0.592656
1655.0000,0.220608,0.471182,0.671993
1656.0000,0.24641,0.507095,0.740588
1657.0000,0.262385,0.540585,0.792948
1658.0000,0.271413,0.574419,0.8441
1659.0000,0.270564,0.61249,0.874062
1660.0000,0.26738,0.642783,0.884025
1661.0000,0.257997,0.64602,0.881925
1662.0000,0.239493,0.64587,0.850652
1663.0000,0.22213,0.628371,0.812016
1664.0000,0.191498,0.602019,0.769687
1665.0000,0.166991,0.573628,0.715413
1666.0000,0.148967,0.539258,0.669208
1667.0000,0.122755,0.493236,0.608482
1668.0000,0.108147,0.452969,0.545992
1669.0000,0.0919919,0.417214,0.484601
1670.0000,0.0720013,0.382094,0.418463
1671.0000,0.0623876,0.345767,0.364665
1672.0000,0.0552812,0.298452,0.307646
1673.0000,0.04859,0.24839,0.257582
1674.0000,0.0431604,0.198574,0.20601
1675.0000,0.0305764,0.153878,0.159651
1676.0000,0.020152,0.111978,0.109163
1677.0000,0.0121201,0.0738548,0.0698215
1678.0000,0.014284,0.0308806,0.0315277
1679.0000,0.0127956,0.000172138,0.00642572
1680.0000,0.00968031,-0.0267828,-0.0223027
1681.0000,0.00940956,-0.0503119,-0.0555263
1682.0000,0.00094659,-0.0709425,-0.0791605
1683.0000,-0.00490843,-0.0888016,-0.0989345
1684.0000,-0.00753863,-0.104227,-0.104671
1685.0000,-0.0147518,-0.134416,-0.109086
1686.0000,-0.0252529,-0.150611,-0.115849
1687.0000,-0.0261265,-0.177938,-0.143498
1688.0000,-0.0333848,-0.206829,-0.163236
1689.0000,-0.0377743,-0.209576,-0.188139
1690.0000,-0.0310105,-0.225267,-0.208914
1691.0000,-0.0415634,-0.242116,-0.223618
1692.0000,-0.0399576,-0.237966,-0.2437
1693.0000,-0.0371056,-0.258063,-0.252833
1694.0000,-0.047448,-0.27005,-0.264164
1695.0000,-0.0440713,-0.274661,-0.257499
1696.0000,-0.0432723,-0.282769,-0.244602
1697.0000,-0.0471568,-0.279261,-0.257621
1698.0000,-0.0385016,-0.282865,-0.255956
1699.0000,-0.0366086,-0.26405,-0.263869
1700.0000,-0.0330552,-0.248605,-0.275808
1701.0000,-0.0345033,-0.224208,-0.253717
1702.0000,-0.0374169,-0.194999,-0.226521
1703.0000,-0.0268081,-0.183206,-0.20845
1704.0000,-0.0279044,-0.163982,-0.173304
1705.0000,-0.0163188,-0.147394,-0.150296
1706.0000,-0.00910766,-0.130056,-0.134389
1707.0000,-0.0209925,-0.100871,-0.117016
1708.0000,-0.0173082,-0.0891767,-0.103481
1709.0000,-0.0181765,-0.0604698,-0.0863113
1710.0000,-0.0204698,-0.0421517,-0.0819389
1711.0000,-0.0108855,-0.0362971,-0.0538806
1712.0000,-0.0144996,-0.0243662,-0.0327463
1713.0000,-0.0234361,-0.0300206,-0.0206099
1714.0000,-0.0263024,-0.0271755,-3.55584E-005
1715.0000,-0.0363922,-0.0329023,-7.16618E-005
1716.0000,-0.0387814,-0.0318061,-0.0180468
1717.0000,-0.0469801,-0.043801,-0.0140873
1718.0000,-0.0488085,-0.0462544,-0.0253578
1719.0000,-0.0462257,-0.0476014,-0.0369295
1720.0000,-0.0523533,-0.0647549,-0.0415104
1721.0000,-0.0516164,-0.0781482,-0.0704101
1722.0000,-0.0591292,-0.0878668,-0.0840913
1723.0000,-0.0660086,-0.124845,-0.11858
1724.0000,-0.0785077,-0.138845,-0.152678
1725.0000,-0.0864752,-0.152746,-0.188889
1726.0000,-0.102027,-0.181607,-0.244104
1727.0000,-0.106655,-0.187395,-0.270316
1728.0000,-0.110545,-0.204047,-0.303801
1729.0000,-0.102551,-0.217756,-0.317697
1730.0000,-0.0969767,-0.22594,-0.324756
1731.0000,-0.104096,-0.224568,-0.347158
1732.0000,-0.101345,-0.226298,-0.344485
1733.0000,-0.115596,-0.2148,-0.355317
1734.0000,-0.121233,-0.197981,-0.338026
1735.0000,-0.104136,-0.17795,-0.306812
1736.0000,-0.0918313,-0.159018,-0.282261
1737.0000,-0.0642661,-0.114725,-0.225878
1738.0000,-0.038177,-0.0832753,-0.172671
1739.0000,-0.0218808,-0.0577574,-0.11402
1740.0000,0.0048259,-0.00772667,-0.049419
1741.0000,0.0150494,0.0121059,0.00349399
1742.0000,0.035294,0.0516687,0.0542064
1743.0000,0.0422896,0.090898,0.09373
1744.0000,0.0542182,0.114122,0.13925
1745.0000,0.0706169,0.145746,0.17492
1746.0000,0.0782215,0.158389,0.205516
1747.0000,0.096861,0.168672,0.240241
1748.0000,0.095332,0.178826,0.246215
1749.0000,0.0910437,0.177782,0.261815
1750.0000,0.083172,0.18123,0.256925
1751.0000,0.0720348,0.168343,0.241747
1752.0000,0.06065,0.15769,0.235268
1753.0000,0.0554723,0.146194,0.212072
1754.0000,0.0502242,0.124066,0.189218
1755.0000,0.0401069,0.129084,0.15775
1756.0000,0.034966,0.101378,0.12965
1757.0000,0.0280882,0.0864939,0.0989141
1758.0000,0.0192851,0.0638257,0.0624139
1759.0000,0.0198571,0.0265359,0.0411306
1760.0000,0.0109937,0.0132544,-0.000957761
1761.0000,-0.000189032,-0.0169822,-0.033618
1762.0000,-0.00319055,-0.0371023,-0.0569874
1763.0000,-0.0193477,-0.0498909,-0.0902702
1764.0000,-0.0187663,-0.0665492,-0.11247
1765.0000,-0.0358087,-0.078464,-0.147079
1766.0000,-0.0413285,-0.0895675,-0.17343
1767.0000,-0.0455956,-0.101345,-0.199818
1768.0000,-0.0524568,-0.111028,-0.212632
1769.0000,-0.0507244,-0.125954,-0.217775
1770.0000,-0.0531751,-0.128502,-0.218149
1771.0000,-0.0599278,-0.140103,-0.221342
1772.0000,-0.0672616,-0.134513,-0.198776
1773.0000,-0.0632659,-0.121772,-0.174438
1774.0000,-0.0668141,-0.121527,-0.163783
1775.0000,-0.0589584,-0.0902477,-0.133157
1776.0000,-0.0599412,-0.0833417,-0.122875
1777.0000,-0.0466596,-0.077273,-0.122364
1778.0000,-0.0396533,-0.0528823,-0.0933146
1779.0000,-0.0366993,-0.0391132,-0.0650613
1780.0000,-0.0140232,-0.0282112,-0.0509396
1781.0000,-0.0192134,-0.00711673,-0.0179683
1782.0000,-0.0238567,-0.00196321,-0.0081937
1783.0000,-0.00654997,-0.00668676,0.00845555
1784.0000,-0.0203643,-0.00152016,0.0169412
1785.0000,-0.0174337,-0.00404821,0.0268423
1786.0000,-0.0108646,0.00243923,0.0152215
1787.0000,-0.0275829,0.000747681,-0.0137073
1788.0000,-0.0328553,0.00992543,-0.021825
1789.0000,-0.035215,0.00542409,-0.0414107
1790.0000,-0.0164967,0.00182424,-0.0432126
1791.0000,-0.0238695,0.01264,-0.0283898
1792.0000,-0.00956723,-0.00123106,-0.0341629
1793.0000,-0.00801543,-0.0142491,-0.0306879
1794.0000,-0.0469954,-0.0215161,-0.023822
1795.0000,-0.0485975,-0.0353196,-0.0298441
1796.0000,-0.052975,-0.0172257,-0.0221502
1797.0000,-0.0567982,-0.00467709,-0.0269604
1798.0000,-0.0421248,0.0117005,-0.0309258
1799.0000,-0.0284075,0.0286289,-0.0246792
1800.0000,-0.0136239,0.0127467,-0.0193968
1801.0000,-0.0112582,0.0274255,-0.0155544
1802.0000,0.00158044,0.018246,-0.00184945
1803.0000,0.0022598,0.0130243,-0.00552627
1804.0000,-0.0321027,0.026448,-0.00230885
1805.0000,-0.0318846,0.00753798,0.00791645
1806.0000,-0.0385149,0.00433772,0.00109754
1807.0000,-0.0493067,0.010547,0.0034696
1808.0000,-0.0143617,-0.00326034,-0.0152681
1809.0000,-0.0163754,-0.011334,-0.0323843
1810.0000,-0.0247245,-0.0373096,-0.0357595
1811.0000,-0.0196315,-0.0584293,-0.0509637
1812.0000,-0.039972,-0.06442,-0.0429059
1813.0000,-0.0423058,-0.0579743,-0.0478574
1814.0000,-0.054385,-0.039656,-0.0672057
1815.0000,-0.0571137,-0.0447671,-0.0675054
1816.0000,-0.0414942,-0.0367173,-0.0784574
1817.0000,-0.0467735,-0.0446472,-0.0802364
1818.0000,-0.040569,-0.0419036,-0.0661919
1819.0000,-0.0391128,-0.043854,-0.0776815
1820.0000,-0.0501366,-0.0451826,-0.080333
1821.0000,-0.0403854,-0.0384819,-0.0907277
1822.0000,-0.0306187,-0.0433005,-0.0938614
1823.0000,-0.0227137,-0.0261478,-0.0791798
1824.0000,-0.0148879,-0.0137486,-0.0787584
1825.0000,-0.00950261,-0.0102951,-0.0666832
1826.0000,0.00779561,0.0103698,-0.064003
1827.0000,0.0133638,0.00691768,-0.0621698
1828.0000,0.00657443,-0.00767108,-0.0424722
1829.0000,-0.00399998,-0.000348364,-0.030214
1830.0000,-0.0290667,-0.0105771,-0.0166016
1831.0000,-0.036518,-0.0063339,0.000177383
1832.0000,-0.0135463,-0.00474916,-0.0154709
1833.0000,0.0105445,0.000298773,-0.0122346
1834.0000,0.0300409,0.0274489,-0.00663716
1835.0000,0.0370134,0.0189311,0.00267124
1836.0000,0.0161502,0.0442984,0.0285142
1837.0000,0.0182616,0.0523669,0.0378887
1838.0000,0.0289627,0.0374038,0.0240571
1839.0000,0.00884247,0.0671161,0.0189968
1840.0000,0.00404365,0.0489089,0.0203607
1841.0000,-0.00590747,0.0446232,0.0216033
1842.0000,-0.0139811,0.0554232,0.0400132
1843.0000,0.00623839,0.0498201,0.0475883
1844.0000,0.0179991,0,0
1845.0000,0.0381977,0,0
1846.0000,0.036581,0,0
1847.0000,0.022517,0,0
1848.0000,0.0198189,0,0
1849.0000,0.0059713,0,0
1850.0000,0.00365611,0,0
1851.0000,0.00310768,,
1852.0000,-0.0129907,,
1853.0000,-0.00666067,,
1854.0000,-0.00775514,,
1855.0000,-0.0160527,,
1856.0000,0.0115437,,
1857.0000,-0.00629187,,
1858.0000,-0.0101917,,
1859.0000,-0.00905507,,
1860.0000,-0.0268943,,
1861.0000,-0.0124353,,
1862.0000,-0.0183861,,
1863.0000,0.000804016,,
1864.0000,-0.00285734,,
1865.0000,-0.0306565,,
1866.0000,-0.0159208,,
1867.0000,-0.0364731,,
1868.0000,-0.038636,,
1869.0000,0.00214706,,
1870.0000,-0.024269,,
1871.0000,-0.013193,,
1872.0000,-0.0228692,,
1873.0000,-0.0482179,,
1874.0000,-0.0314545,,
1875.0000,-0.0494563,,
1876.0000,-0.0515781,,
1877.0000,-0.0841993,,
1878.0000,-0.0731274,,
1879.0000,-0.0340073,,
1880.0000,-0.0199211,,
1881.0000,0.00473867,,
1882.0000,-0.00889117,,
1883.0000,-0.0511178,,
1884.0000,-0.042351,,
1885.0000,-0.0293251,,
1886.0000,-0.0170678,,
1887.0000,0.00992121,,
1888.0000,-0.00384767,,
1889.0000,-0.0114864,,
1890.0000,0.00161661,,
1891.0000,0.013957,,
1892.0000,0.00563492,,
1893.0000,0.00372791,,
1894.0000,-0.00860167,,
1895.0000,-0.014874,,
1896.0000,0.0128486,,
1897.0000,0.0247299,,
1898.0000,0.0542624,,
1899.0000,0.0289745,,
1900.0000,0.0394739,,
1901.0000,0.0458875,,
1902.0000,0.0363654,,
1903.0000,0.0503573,,
1904.0000,0.0252256,,
1905.0000,0.0402345,,
1906.0000,0.0586759,,
1907.0000,0.0341823,,
1908.0000,0.0266021,,
1909.0000,0.0219238,,
1910.0000,0.0172831,,
1911.0000,0.0291824,,
1912.0000,-0.0264856,,
1913.0000,-0.0113386,,
1914.0000,-0.058701,,
1915.0000,-0.0638174,,
1916.0000,-0.0312486,,
1917.0000,-0.03689,,
1918.0000,-0.0309514,,
1919.0000,-0.0410797,,
1920.0000,-0.0353933,,
1921.0000,-0.033089,,
1922.0000,-0.0262468,,
1923.0000,-0.0387408,,
1924.0000,-0.0662464,,
1925.0000,-0.0777732,,
1926.0000,-0.0531406,,
1927.0000,-0.0570071,,
1928.0000,-0.00021737,,
1929.0000,-0.0271351,,
1930.0000,-0.0152405,,
1931.0000,-0.0329904,,
1932.0000,-0.0412089,,
1933.0000,-0.00394467,,
1934.0000,-0.0281987,,
1935.0000,-0.000772612,,
1936.0000,0.0047448,,
1937.0000,-0.00264229,,
1938.0000,0.0475522,,
1939.0000,0.0291516,,
1940.0000,0.0256838,,
1941.0000,0.0276898,,
1942.0000,-0.00408084,,
1943.0000,0.0296258,,
1944.0000,0.0105923,,
1945.0000,0.0221212,,
1946.0000,0.00877687,,
1947.0000,-0.0197931,,
1948.0000,-0.0079033,,
1949.0000,-0.00983538,,
1950.0000,0.00565842,,
1951.0000,0.0241997,,
1952.0000,-0.004329,,
1953.0000,0.0312796,,
1954.0000,0.0211012,,
1955.0000,0.0349353,,
1956.0000,0.0239524,,
1957.0000,-0.00965316,,
1958.0000,-0.00843661,,
1959.0000,0.00633178,,
1960.0000,0.0497894,,
1961.0000,0.0326883,,
1962.0000,-0.0244065,,
1963.0000,-0.047983,,
1964.0000,-0.0737974,,
1965.0000,-0.0658387,,
1966.0000,-0.029057,,
1967.0000,-0.0639411,,
1968.0000,-0.0580339,,
1969.0000,-0.054681,,
1970.0000,-0.0500598,,
1971.0000,-0.00464685,,
1972.0000,-0.00559752,,
1973.0000,-0.032508,,
1974.0000,-0.049327,,
1975.0000,-0.0460139,,
1976.0000,-0.0019957,,
1977.0000,0.0148629,,
1978.0000,0.0293501,,
1979.0000,0.0366442,,
1980.0000,0.00491374,,
1981.0000,0.0278234,,
1982.0000,0.0151226,,
1983.0000,-0.00757946,,
1984.0000,0.035678,,
1985.0000,0.00441735,,
1986.0000,0.0590411,,
1987.0000,0.0633939,,
1988.0000,0.0469914,,
1989.0000,0.0724303,,
1990.0000,0.0474621,,
1991.0000,0.0278531,,
1992.0000,-0.00359297,,
1993.0000,-0.039397,,
1994.0000,-0.0479494,,
1995.0000,-0.0392383,,
1996.0000,-0.0139117,,
1997.0000,0.0171067,,
1998.0000,8.56944E-005,,
1999.0000,0.0223274,,
2000.0000,-0.0331174,,
2001.0000,-0.0257844,,
2002.0000,-0.0152062,,
2003.0000,-0.0234548,,
2004.0000,0.00203589,,
2005.0000,0.00965541,,
2006.0000,0.0350637,,
2007.0000,0.0386253,,
2008.0000,0.0630046,,
2009.0000,0.031858,,
2010.0000,0.0200308,,
2011.0000,-5.04085E-006,,
2012.0000,-0.0474445,,
2013.0000,-0.0438672,,
2014.0000,-0.0328888,,
2015.0000,-0.02806,,
2016.0000,-0.00918375,,
2017.0000,-0.00742279,,
2018.0000,-0.00605788,,
2019.0000,0.00550345,,
2020.0000,-0.0119724,,
2021.0000,-0.00267567,,
2022.0000,-0.0331174,,
2023.0000,-0.0307832,,
2024.0000,-0.0151079,,
2025.0000,-0.022462,,
2026.0000,0.0110032,,
2027.0000,0.00163467,,
2028.0000,-0.00682259,,
2029.0000,-0.0143388,,
2030.0000,-0.0424771,,
2031.0000,-0.0711148,,
2032.0000,-0.0608847,,
2033.0000,-0.0927312,,
2034.0000,-0.0726062,,
2035.0000,-0.0598068,,
2036.0000,-0.0358062,,
2037.0000,0.015868,,
2038.0000,0.0151775,,
2039.0000,0.0254228,,
2040.0000,0.016702,,
2041.0000,-0.0232439,,
2042.0000,-0.0220397,,
2043.0000,0.00555386,,
2044.0000,0.021467,,
2045.0000,0.0355197,,
2046.0000,0.0274497,,
2047.0000,0.0463307,,
2048.0000,0.0495996,,
2049.0000,0.0729496,,
2050.0000,0.0874448,,
2051.0000,0.0427141,,
2052.0000,0.0378106,,
2053.0000,0.0127837,,
2054.0000,-0.00969342,,
2055.0000,0.0254508,,
2056.0000,0.0155726,,
2057.0000,0.0215091,,
2058.0000,0.0304426,,
2059.0000,0.0346268,,
2060.0000,0.0372923,,
2061.0000,0.0513221,,
2062.0000,0.0537184,,
2063.0000,0.0314407,,
2064.0000,0.0191471,,
2065.0000,-0.00434753,,
2066.0000,-0.0186308,,
2067.0000,0.0191761,,
2068.0000,0.0317817,,
2069.0000,0.0562568,,
2070.0000,0.0622839,,
2071.0000,0.0294294,,
2072.0000,0.0295663,,
2073.0000,0.0402956,,
2074.0000,0.0246297,,
2075.0000,0.00284842,,
2076.0000,-0.0349751,,
2077.0000,-0.0555164,,
2078.0000,-0.0303576,,
2079.0000,0.0195706,,
2080.0000,0.0536258,,
2081.0000,0.0432015,,
2082.0000,0.0609762,,
2083.0000,0.00118664,,
2084.0000,0.0161752,,
2085.0000,0.0355782,,
2086.0000,0.0157542,,
2087.0000,0.0361022,,
2088.0000,0.0366973,,
2089.0000,0.0474474,,
2090.0000,0.0785688,,
2091.0000,0.0848938,,
2092.0000,0.0897403,,
2093.0000,0.0658293,,
2094.0000,0.0460773,,
2095.0000,0.0805897,,
2096.0000,0.0179161,,
2097.0000,0.0596017,,
2098.0000,0.059286,,
2099.0000,0.0100995,,
2100.0000,0.0540313,,
2101.0000,0.0390183,,
2102.0000,0.049145,,
2103.0000,0.0782865,,
2104.0000,0.0623088,,
2105.0000,0.0480612,,
2106.0000,0.00696754,,
2107.0000,-0.0222133,,
2108.0000,0.013372,,
2109.0000,-0.017442,,
2110.0000,0.0502384,,
2111.0000,0.0823829,,
2112.0000,0.0560377,,
2113.0000,0.100279,,
2114.0000,0.0837138,,
2115.0000,0.0558158,,
2116.0000,0.0689208,,
2117.0000,0.0493749,,
2118.0000,0.0703299,,
2119.0000,0.119676,,
2120.0000,0.136225,,
2121.0000,0.200715,,
2122.0000,0.179015,,
2123.0000,0.207231,,
2124.0000,0.215061,,
2125.0000,0.184505,,
2126.0000,0.185827,,
2127.0000,0.175898,,
2128.0000,0.162618,,
2129.0000,0.179419,,
2130.0000,0.140753,,
2131.0000,0.120116,,
2132.0000,0.0870572,,
2133.0000,0.0601838,,
2134.0000,0.09135,,
2135.0000,0.0449615,,
2136.0000,0.0397705,,
2137.0000,-0.00703737,,
2138.0000,-0.0623889,,
2139.0000,-0.0575332,,
2140.0000,-0.0584775,,
2141.0000,-0.0505311,,
2142.0000,-0.0189708,,
2143.0000,-0.012654,,
2144.0000,0.0551709,,
2145.0000,0.0586967,,
2146.0000,0.066513,,
2147.0000,0.034951,,
2148.0000,-0.051914,,
2149.0000,-0.0212255,,
2150.0000,-0.0264443,,
2151.0000,0.0118505,,
2152.0000,0.0595534,,
2153.0000,0.0188102,,
2154.0000,0.0434116,,
2155.0000,0.0361982,,
2156.0000,0.0191658,,
2157.0000,0.0264232,,
2158.0000,-0.018395,,
2159.0000,0.00181913,,
2160.0000,0.0229146,,
2161.0000,0.0824849,,
2162.0000,0.112637,,
2163.0000,0.0795745,,
2164.0000,0.0933001,,
2165.0000,0.0418023,,
2166.0000,0.0748525,,
2167.0000,0.0691538,,
2168.0000,0.00938467,,
2169.0000,0.00727773,,
2170.0000,-0.0451921,,
2171.0000,-0.0494698,,
2172.0000,-0.0133065,,
2173.0000,-0.0434587,,
2174.0000,-0.0263009,,
2175.0000,-0.0503162,,
2176.0000,-0.0523389,,
2177.0000,-0.00997618,,
2178.0000,-0.0649721,,
2179.0000,-0.0370279,,
2180.0000,-0.0604218,,
2181.0000,-0.0263992,,
2182.0000,0.0563494,,
2183.0000,0.104338,,
2184.0000,0.137508,,
2185.0000,0.0987817,,
2186.0000,0.047695,,
2187.0000,0.0101134,,
2188.0000,-0.06953,,
2189.0000,-0.0681481,,
2190.0000,-0.0811297,,
2191.0000,-0.115153,,
2192.0000,-0.0546582,,
2193.0000,-0.0414379,,
2194.0000,-0.0480786,,
2195.0000,-0.0283574,,
2196.0000,-0.0730011,,
2197.0000,-0.126631,,
2198.0000,-0.143704,,
2199.0000,-0.113756,,
2200.0000,-0.0865358,,
2201.0000,-0.0394065,,
2202.0000,0.0449685,,
2203.0000,-0.00162482,,
2204.0000,0.0200347,,
2205.0000,0.0441372,,
2206.0000,0.0133644,,
2207.0000,0.00595345,,
2208.0000,-0.00943487,,
2209.0000,-0.0722036,,
2210.0000,-0.0827567,,
2211.0000,-0.0414722,,
2212.0000,-0.0450307,,
2213.0000,-0.0289442,,
2214.0000,-0.0436994,,
2215.0000,-0.0797207,,
2216.0000,-0.0965149,,
2217.0000,-0.0583941,,
2218.0000,-0.0450743,,
2219.0000,-0.0606706,,
2220.0000,-0.0580173,,
2221.0000,-0.0705573,,
2222.0000,-0.0703741,,
2223.0000,-0.0129127,,
2224.0000,0.00171348,,
2225.0000,-0.0412727,,
2226.0000,-0.058124,,
2227.0000,-0.072767,,
2228.0000,-0.0365966,,
2229.0000,0.040772,,
2230.0000,0.0412343,,
2231.0000,0.0621206,,
2232.0000,0.00882414,,
2233.0000,-0.0172116,,
2234.0000,-0.00351824,,
2235.0000,-0.0129284,,
2236.0000,0.00525103,,
2237.0000,-0.0043026,,
2238.0000,0.000266382,,
2239.0000,0.00496749,,
2240.0000,0.0688002,,
2241.0000,0.0437134,,
2242.0000,0.00500519,,
2243.0000,-0.0244497,,
2244.0000,-0.0548606,,
2245.0000,-0.0321275,,
2246.0000,0.0412073,,
2247.0000,0.0558802,,
2248.0000,0.086325,,
2249.0000,0.0735994,,
2250.0000,0.0167393,,
2251.0000,0.0321511,,
2252.0000,0.00913715,,
2253.0000,0.0134606,,
2254.0000,0.028409,,
2255.0000,0.000955173,,
2256.0000,-0.00598761,,
2257.0000,-0.0132562,,
2258.0000,-0.00375945,,
2259.0000,-0.0248048,,
2260.0000,-0.0374994,,
2261.0000,-0.00456033,,
2262.0000,-0.0158412,,
2263.0000,0.030472,,
2264.0000,0.0349298,,
2265.0000,-0.0024504,,
2266.0000,0.0272032,,
2267.0000,0.0344597,,
2268.0000,0.0319277,,
2269.0000,0.0464546,,
2270.0000,0.0564356,,
2271.0000,0.0473812,,
2272.0000,0.0500027,,
2273.0000,0.0613652,,
2274.0000,0.0599326,,
2275.0000,0.088294,,
2276.0000,0.0558201,,
2277.0000,0.0615186,,
2278.0000,0.0764973,,
2279.0000,0.0556067,,
2280.0000,0.0572616,,
2281.0000,0.0719082,,
2282.0000,0.0236047,,
2283.0000,0.119258,,
2284.0000,0.101862,,
2285.0000,0.0939758,,
2286.0000,0.130852,,
2287.0000,0.056186,,
2288.0000,0.0554941,,
2289.0000,-0.00221562,,
2290.0000,0.00973381,,
2291.0000,-0.0223451,,
2292.0000,0.0518327,,
2293.0000,0.0862945,,
2294.0000,0.0097314,,
2295.0000,0.00439903,,
2296.0000,-0.00303299,,
2297.0000,-0.0523363,,
2298.0000,0.04029,,
2299.0000,0.047334,,
2300.0000,0.0135552,,
2301.0000,0.0249703,,
2302.0000,-0.0127605,,
2303.0000,-0.00835228,,
2304.0000,-0.00989607,,
2305.0000,0.0303648,,
2306.0000,-0.0629808,,
2307.0000,-0.0207703,,
2308.0000,0.0201649,,
2309.0000,0.0338735,,
2310.0000,0.0562919,,
2311.0000,0.0112319,,
2312.0000,-0.0845637,,
2313.0000,-0.158187,,
2314.0000,-0.127617,,
2315.0000,-0.101216,,
2316.0000,-0.0309463,,
2317.0000,0.0602357,,
2318.0000,0.00597777,,
2319.0000,-0.0368696,,
2320.0000,0.0189777,,
2321.0000,-0.0392713,,
2322.0000,0.067392,,
2323.0000,0.0553653,,
2324.0000,-0.0119977,,
2325.0000,0.0351323,,
2326.0000,0.0794325,,
2327.0000,0.14097,,
2328.0000,0.152252,,
2329.0000,0.145109,,
2330.0000,0.0853985,,
2331.0000,0.0327771,,
2332.0000,0.103167,,
2333.0000,0.11491,,
2334.0000,0.0675365,,
2335.0000,0.0457338,,
2336.0000,-0.0662916,,
2337.0000,-0.0956286,,
2338.0000,-0.00745119,,
2339.0000,-0.014768,,
2340.0000,-0.00536004,,
2341.0000,0.0120834,,
2342.0000,-0.0626605,,
2343.0000,-0.0234781,,
2344.0000,-0.0448569,,
2345.0000,-0.0770432,,
2346.0000,-0.0326915,,
2347.0000,-0.0404008,,
2348.0000,0.000163913,,
2349.0000,0.000242966,,
2350.0000,-0.0603605,,
2351.0000,0.0011769,,
2352.0000,-0.0272682,,
2353.0000,-0.0160535,,
2354.0000,0.00330443,,
2355.0000,-0.0936296,,
2356.0000,0.0311994,,
2357.0000,0.0186763,,
2358.0000,0.0206705,,
2359.0000,0.0907559,,
2360.0000,-0.0764919,,
2361.0000,-0.0847207,,
2362.0000,-0.0630432,,
2363.0000,-0.044727,,
2364.0000,0.0915025,,
2365.0000,0.0765005,,
2366.0000,0.0638132,,
2367.0000,-0.00471033,,
2368.0000,-0.087309,,
2369.0000,-0.0372602,,
2370.0000,-0.104348,,
2371.0000,-0.0464051,,
2372.0000,-0.0052526,,
2373.0000,-0.0387256,,
2374.0000,0.0323159,,
2375.0000,0.0079721,,
2376.0000,-0.0381164,,
2377.0000,-0.0149139,,
2378.0000,-0.0755044,,
2379.0000,-0.150664,,
2380.0000,-0.10045,,
2381.0000,-0.0386332,,
2382.0000,0.0197853,,
2383.0000,0.164066,,
2384.0000,0.150282,,
2385.0000,0.0395202,,
2386.0000,0.0422604,,
2387.0000,-0.0654365,,
2388.0000,0.000930275,,
2389.0000,0.053418,,
2390.0000,0.0309576,,
2391.0000,0.00995871,,
2392.0000,0.0125886,,
2393.0000,0.0471068,,
2394.0000,0.10975,,
2395.0000,0.105362,,
2396.0000,0.0551817,,
2397.0000,-0.056791,,
2398.0000,-0.101741,,
2399.0000,-0.0432243,,
2400.0000,-0.0435002,,
2401.0000,0.113148,,
2402.0000,0.0208824,,
2403.0000,0.0537358,,
2404.0000,0.0711166,,
2405.0000,0.0715293,,
2406.0000,0.0773168,,
2407.0000,-0.0116106,,
2408.0000,-0.0729213,,
2409.0000,-0.145107,,
2410.0000,-0.0844327,,
2411.0000,0.042379,,
2412.0000,0.0156649,,
2413.0000,0.0394921,,
2414.0000,-0.0356424,,
2415.0000,-0.133132,,
2416.0000,-0.0345665,,
2417.0000,-0.109929,,
2418.0000,-0.0537854,,
2419.0000,-0.123255,,
2420.0000,-0.138594,,
2421.0000,-0.0817955,,
2422.0000,-0.084821,,
2423.0000,0.0259807,,
2424.0000,0.0946795,,
2425.0000,0.0134084,,
2426.0000,0.0833805,,
2427.0000,0.0195105,,
2428.0000,-0.0188571,,
2429.0000,-0.0412351,,
2430.0000,-0.0616133,,
2431.0000,0.0256316,,
2432.0000,-0.000979798,,
2433.0000,0.133059,,
2434.0000,0.0759293,,
2435.0000,0.0423908,,
2436.0000,0.0177224,,
2437.0000,-0.051999,,
2438.0000,-0.132325,,
2439.0000,-0.123691,,
2440.0000,-0.145681,,
2441.0000,-0.0435381,,
2442.0000,0.112872,,
2443.0000,0.211634,,
2444.0000,0.201763,,
2445.0000,0.0740638,,
2446.0000,0.0910962,,
2447.0000,-0.04981,,
2448.0000,0.0441833,,
2449.0000,0.143041,,
2450.0000,0.140785,,
2451.0000,0.229952,,
2452.0000,0.237906,,
2453.0000,0.212669,,
2454.0000,0.218967,,
2455.0000,0.168016,,
2456.0000,0.0575827,,
2457.0000,-0.015909,,
2458.0000,-0.122177,,
2459.0000,-0.0860651,,
2460.0000,-0.190677,,
2461.0000,-0.0764684,,
2462.0000,-0.00321923,,
2463.0000,-0.044987,,
2464.0000,-0.0447967,,
2465.0000,-0.153579,,
2466.0000,-0.153106,,
2467.0000,-0.170019,,
2468.0000,-0.125767,,
2469.0000,-0.069494,,
2470.0000,-0.0930788,,
2471.0000,-0.0708752,,
2472.0000,0.0872553,,
2473.0000,0.0542025,,
2474.0000,0.116469,,
2475.0000,0.158395,,
2476.0000,0.0342395,,
2477.0000,0.0891956,,
2478.0000,0.0969801,,
2479.0000,0.0656264,,
2480.0000,-0.0459309,,
2481.0000,-0.0263693,,
2482.0000,-0.0244576,,
2483.0000,-0.152051,,
2484.0000,0.0117288,,
2485.0000,-0.00862452,,
2486.0000,-0.105311,,
2487.0000,0.0185194,,
2488.0000,0.110884,,
2489.0000,-0.0604384,,
2490.0000,-0.113913,,
2491.0000,-0.255779,,
2492.0000,-0.348115,,
2493.0000,-0.240807,,
2494.0000,0,,
2495.0000,0,,
2496.0000,0,,
2497.0000,0,,
2498.0000,0,,
2499.0000,0,,
2500.0000,0,,
